Date,Description,Amount,Running Bal.
06/02/2026,PAYROLL DEP - BRIGHTPATH RETAIL,1450.00,2250.00
06/03/2026,RENT PAYMENT,-975.00,1275.00
06/04/2026,NAVIENT STUDENT LOAN,-210.00,1065.00
06/05/2026,TRADER JOE'S #118,-54.20,1010.80
06/07/2026,CHIPOTLE 2291,-11.85,998.95
06/09/2026,VERIZON WIRELESS,-65.00,933.95
06/11/2026,PLANET FITNESS,-24.99,908.96
06/14/2026,TICKETMASTER - CONCERT,-185.00,723.96
06/16/2026,PAYROLL DEP - BRIGHTPATH RETAIL,1450.00,2173.96
06/18/2026,RAMEN HOUSE,-9.40,2164.56
06/20/2026,TARGET,-63.12,2101.44
06/24/2026,NAVIENT STUDENT LOAN,-210.00,1891.44
06/27/2026,CHIPOTLE 2291,-12.30,1879.14
