Date,Description,Amount
06/01/2026,PAYROLL DEP - RIVERSIDE MEDICAL,780.00
06/02/2026,RENT PAYMENT,-1150.00
06/03/2026,SUNRISE CHILDCARE CENTER,-620.00
06/05/2026,GROCERY OUTLET,-71.30
06/08/2026,PAYROLL DEP - RIVERSIDE MEDICAL,612.00
06/09/2026,CHILD SUPPORT - STATE DISBURSEMENT UNIT,400.00
06/10/2026,SCHOOL SUPPLY FEE - LINCOLN ELEMENTARY,-85.00
06/12/2026,AUTO LOAN PAYMENT - CARMAX FINANCIAL,-265.00
06/14/2026,OVERDRAFT FEE,-35.00
06/15/2026,PAYROLL DEP - RIVERSIDE MEDICAL,845.00
06/18/2026,DOLLAR GENERAL,-42.60
06/21/2026,PEDIATRIC CO-PAY,-35.00
06/23/2026,GROCERY OUTLET,-68.90
06/29/2026,PAYROLL DEP - RIVERSIDE MEDICAL,598.00
